id	kosha_layer	kosha_english	kosha_domain	sub_category	scenario	intensity	trigger_type	recommended_technique	student_profile_tag	context_notes
1	Annamaya Kosha	Physical Body	Physical health, food, sleep, movement, sensory experience	Sleep Disruption	Unable to sleep for 3 consecutive nights before end-semester exams	High	Acute	Yoga Nidra + Progressive Muscle Relaxation	Engineering_3rd_Year	Acute insomnia pre-exam; risk of cognitive shutdown
2	Annamaya Kosha	Physical Body	Physical health, food, sleep, movement, sensory experience	Sleep Disruption	Waking up with panic at 3 AM multiple nights in a row	High	Chronic	Yoga Nidra + 4-7-8 Breathing	Science_2nd_Year	Nocturnal anxiety; check for underlying GAD
3	Annamaya Kosha	Physical Body	Physical health, food, sleep, movement, sensory experience	Sleep Disruption	Hostel noise making it impossible to fall asleep before 2 AM	Medium	Environmental	Pratyahara (Sense withdrawal) + Body Scan	All_Hostellers	Environmental stressor; teach sleep hygiene
4	Annamaya Kosha	Physical Body	Physical health, food, sleep, movement, sensory experience	Sleep Disruption	Oversleeping due to depression and missing morning classes	Medium	Chronic	Surya Namaskar routine + Circadian anchoring	Arts_2nd_Year	Hypersomnia pattern; needs activity scheduling
5	Annamaya Kosha	Physical Body	Physical health, food, sleep, movement, sensory experience	Sleep Disruption	Irregular sleep cycle shifting by 4+ hours every week	Medium	Chronic	Yoga Nidra + Fixed sleep-wake anchors	Engineering_1st_Year	Circadian disruption; common in first-year hostel
6	Annamaya Kosha	Physical Body	Physical health, food, sleep, movement, sensory experience	Sleep Disruption	Nightmares about failing exams disrupting sleep quality	Medium	Acute	Guided imagery + Yoga Nidra	Engineering_Final_Year	Exam-linked nightmares; cognitive restructuring needed
7	Annamaya Kosha	Physical Body	Physical health, food, sleep, movement, sensory experience	Sleep Disruption	Falling asleep in lectures due to chronic sleep debt	Medium	Chronic	Nidra scheduling + Caffeine reduction plan	Engineering_2nd_Year	Sleep debt accumulation; affects academic performance
8	Annamaya Kosha	Physical Body	Physical health, food, sleep, movement, sensory experience	Sleep Disruption	Can only sleep 3-4 hours during placement season	High	Acute	Short Yoga Nidra + Pranayama wind-down	Engineering_Final_Year	Placement anxiety fueling insomnia
9	Annamaya Kosha	Physical Body	Physical health, food, sleep, movement, sensory experience	Sleep Disruption	Using phone until 3 AM and feeling groggy all day	Low	Chronic	Screen hygiene + Pratyahara before bed	All_Students	Blue-light disruption; motivational interviewing
10	Annamaya Kosha	Physical Body	Physical health, food, sleep, movement, sensory experience	Sleep Disruption	Sleep paralysis episodes causing extreme fear at night	High	Acute	Grounding + Pranayama education + Medical referral	Science_1st_Year	Sleep paralysis; needs medical screening
11	Annamaya Kosha	Physical Body	Physical health, food, sleep, movement, sensory experience	Nutrition	Skipping meals for 2-3 days straight during exam week	High	Acute	Mindful eating reminder + Annamaya nourishment talk	Engineering_3rd_Year	Cortisol spike from fasting; impairs cognition
12	Annamaya Kosha	Physical Body	Physical health, food, sleep, movement, sensory experience	Nutrition	Living on instant noodles and energy drinks for a month	Medium	Chronic	Annamaya kosha awareness + Nutritional first aid	Engineering_2nd_Year	Micronutrient deficiency; affects mood and energy
13	Annamaya Kosha	Physical Body	Physical health, food, sleep, movement, sensory experience	Nutrition	Binge eating junk food after a stressful project submission	Medium	Acute	Mindful eating + Emotional regulation through breath	All_Students	Stress eating; emotional hunger vs physical hunger
14	Annamaya Kosha	Physical Body	Physical health, food, sleep, movement, sensory experience	Nutrition	No appetite at all since a bad breakup last week	High	Acute	Gentle nutrition prompts + Grief PFA framework	Arts_2nd_Year	Grief-induced anorexia; monitor weight
15	Annamaya Kosha	Physical Body	Physical health, food, sleep, movement, sensory experience	Nutrition	Eating alone every day causing sadness around mealtimes	Medium	Chronic	Social eating encouragement + Metta meditation	Engineering_1st_Year	Loneliness cue; mess hall anxiety
16	Annamaya Kosha	Physical Body	Physical health, food, sleep, movement, sensory experience	Nutrition	Feeling guilty and ashamed after eating too much	Medium	Chronic	Body neutrality + Ahimsa (non-violence) toward self	Science_1st_Year	Possible disordered eating; refer if persistent
17	Annamaya Kosha	Physical Body	Physical health, food, sleep, movement, sensory experience	Nutrition	Spending very little on food to save money, feeling weak constantly	High	Chronic	Annamaya kosha nourishment + Financial aid guidance	Engineering_1st_Year	Financial stress + malnutrition combo
18	Annamaya Kosha	Physical Body	Physical health, food, sleep, movement, sensory experience	Nutrition	Cafeteria food causing digestive issues and avoiding eating there	Low	Environmental	Gentle dietary alternatives + Agni balancing (Ayurvedic)	Hostel_Students	GI sensitivity; dietary adjustment
19	Annamaya Kosha	Physical Body	Physical health, food, sleep, movement, sensory experience	Nutrition	Forgetting to eat because of hyperfocus on assignments	Medium	Chronic	Meal anchoring alarms + Body awareness cues	Engineering_3rd_Year	ADHD-adjacent hyperfocus pattern
20	Annamaya Kosha	Physical Body	Physical health, food, sleep, movement, sensory experience	Nutrition	Craving sugar constantly and energy crashing mid-afternoon	Low	Chronic	Blood sugar regulation awareness + Pranayama energizer	All_Students	Glycemic instability; dietary coaching
21	Annamaya Kosha	Physical Body	Physical health, food, sleep, movement, sensory experience	Physical Illness	Falling sick before every major exam due to a weakened immune system	High	Chronic	Stress-immune link psychoeducation + Pranayama	Engineering_2nd_Year	Psychosomatic pattern; stress lowering immunity
22	Annamaya Kosha	Physical Body	Physical health, food, sleep, movement, sensory experience	Physical Illness	Severe migraine attacks triggered by screen time during assignments	High	Acute	Pratyahara + Cold compress + Nadi Shodhana	Engineering_3rd_Year	Stress headaches; track screen time
23	Annamaya Kosha	Physical Body	Physical health, food, sleep, movement, sensory experience	Physical Illness	Back pain from sitting 14 hours a day coding	Medium	Chronic	Yoga asanas (Cat-Cow, Child's pose) + movement breaks	Engineering_4th_Year	Postural stress syndrome; sedentary pattern
24	Annamaya Kosha	Physical Body	Physical health, food, sleep, movement, sensory experience	Physical Illness	Recurring stomach aches with no clear medical cause	Medium	Chronic	Gut-brain axis psychoeducation + Pranayama	Science_2nd_Year	Functional abdominal pain; anxiety linked
25	Annamaya Kosha	Physical Body	Physical health, food, sleep, movement, sensory experience	Physical Illness	Heart palpitations during panic attacks that feel like cardiac events	High	Acute	4-7-8 Breathing + Medical screening + PFA grounding	Engineering_Final_Year	Panic-induced tachycardia; rule out cardiac cause
26	Annamaya Kosha	Physical Body	Physical health, food, sleep, movement, sensory experience	Physical Illness	Constant headaches from dehydration while coding all night	Low	Chronic	Hydration reminder + Body scan awareness	Engineering_2nd_Year	Dehydration-induced cognitive decline
27	Annamaya Kosha	Physical Body	Physical health, food, sleep, movement, sensory experience	Physical Illness	Skin breakouts causing self-consciousness and avoiding social events	Medium	Chronic	Ahimsa self-compassion + Vijnanamaya reframing	Science_1st_Year	Dermatological stress response; body image issue
28	Annamaya Kosha	Physical Body	Physical health, food, sleep, movement, sensory experience	Physical Illness	Chest tightness every Sunday evening before the new week	High	Chronic	Anticipatory anxiety PFA + Pranayama + Weekly planning	Engineering_2nd_Year	Sunday scaries; pre-week dread pattern
29	Annamaya Kosha	Physical Body	Physical health, food, sleep, movement, sensory experience	Physical Illness	Trembling hands during oral viva presentations	Medium	Acute	Grounding + Mudra practice + Pre-presentation routine	Engineering_3rd_Year	Performance anxiety; somatic expression
30	Annamaya Kosha	Physical Body	Physical health, food, sleep, movement, sensory experience	Physical Illness	Sweating excessively in social settings causing embarrassment	Medium	Chronic	Sympathetic nervous system regulation + Pranayama	Arts_1st_Year	Social anxiety with somatic features
31	Annamaya Kosha	Physical Body	Physical health, food, sleep, movement, sensory experience	Fatigue & Energy	Feeling physically exhausted despite sleeping 8 hours	High	Chronic	Pranamaya + Pratyahara + Medical thyroid check	Science_3rd_Year	Non-restorative sleep; rule out thyroid/anemia
32	Annamaya Kosha	Physical Body	Physical health, food, sleep, movement, sensory experience	Fatigue & Energy	Extreme fatigue crashing after every exam season	Medium	Acute	Annamaya rest + Yoga Nidra recovery protocol	Engineering_3rd_Year	Post-exam burnout; recovery phase needed
33	Annamaya Kosha	Physical Body	Physical health, food, sleep, movement, sensory experience	Fatigue & Energy	Dragging through the day with zero energy or motivation	High	Chronic	Pranamaya awakening + Kapalbhati + Behavioral activation	All_Students	Chronic low arousal; possible depression
34	Annamaya Kosha	Physical Body	Physical health, food, sleep, movement, sensory experience	Fatigue & Energy	Legs feeling heavy and mind foggy in afternoon lectures	Low	Chronic	Post-lunch Pranayama + movement break + Pratyahara	All_Students	Post-lunch dip; circadian rhythm intervention
35	Annamaya Kosha	Physical Body	Physical health, food, sleep, movement, sensory experience	Fatigue & Energy	Physical exhaustion from managing part-time job and academics	High	Chronic	Annamaya nourishment + Boundary-setting PFA	Engineering_2nd_Year	Dual-role overload; energy management coaching
36	Annamaya Kosha	Physical Body	Physical health, food, sleep, movement, sensory experience	Fatigue & Energy	Feeling physically drained after conflict with parents	High	Acute	Somatic discharge + Pranayama + PFA emotional support	Arts_2nd_Year	Emotional-physical depletion link
37	Annamaya Kosha	Physical Body	Physical health, food, sleep, movement, sensory experience	Fatigue & Energy	Too tired to exercise even though it usually helps	Medium	Chronic	Micro-movement + 5-min Yoga sequence + Behavioral nudge	Engineering_3rd_Year	Motivation-fatigue loop; start small
38	Annamaya Kosha	Physical Body	Physical health, food, sleep, movement, sensory experience	Fatigue & Energy	Energy crash after crying spells lasting hours	High	Acute	Rest + Hydration + Yoga Nidra + Emotional first aid	Arts_1st_Year	Post-crying fatigue; validate and restore
39	Annamaya Kosha	Physical Body	Physical health, food, sleep, movement, sensory experience	Fatigue & Energy	Yawning constantly in class despite caffeine intake	Low	Chronic	Caffeine reduction + Breath energizer + Sleep audit	Engineering_2nd_Year	Caffeine tolerance buildup; sleep audit needed
40	Annamaya Kosha	Physical Body	Physical health, food, sleep, movement, sensory experience	Fatigue & Energy	Feeling paralyzed and unable to get out of bed in the morning	High	Chronic	Yoga Nidra to wake + Body scan + Depression screening	Arts_2nd_Year	Possible MDD; monitor for 2+ weeks
41	Annamaya Kosha	Physical Body	Physical health, food, sleep, movement, sensory experience	Body Image	Comparing body with gym-going hostel roommates and feeling inadequate	Medium	Social	Ahimsa self-talk + Manomaya reframing + Metta	Engineering_1st_Year	Social comparison body image; peer environment trigger
42	Annamaya Kosha	Physical Body	Physical health, food, sleep, movement, sensory experience	Body Image	Avoiding swimming pool sessions because of body shame	Medium	Chronic	Annamaya acceptance + Gradual exposure + Self-compassion	Science_2nd_Year	Avoidance behavior; body dysmorphia watch
43	Annamaya Kosha	Physical Body	Physical health, food, sleep, movement, sensory experience	Body Image	Obsessively checking weight three times a day	High	Chronic	Scale detox + Annamaya kosha holistic view + Counseling	Science_1st_Year	Weight preoccupation; refer if escalating
44	Annamaya Kosha	Physical Body	Physical health, food, sleep, movement, sensory experience	Body Image	Feeling too thin and being mocked by peers in the hostel	Medium	Social	Metta loving-kindness + Social coping + Annamaya nourishment	Engineering_1st_Year	Ectomorph shame; peer bullying element
45	Annamaya Kosha	Physical Body	Physical health, food, sleep, movement, sensory experience	Body Image	Stress eating and hating oneself afterward in a shame cycle	High	Chronic	Shame-eating cycle PFA + Ahimsa + Manomaya therapy	Arts_2nd_Year	Shame-binge loop; high priority counseling
46	Annamaya Kosha	Physical Body	Physical health, food, sleep, movement, sensory experience	Physical Activity	Not exercising for 3 months and feeling the physical decline	Medium	Chronic	5-min daily Surya Namaskar + Habit stacking	Engineering_3rd_Year	Sedentary creep; micro-habit approach
47	Annamaya Kosha	Physical Body	Physical health, food, sleep, movement, sensory experience	Physical Activity	Gym anxiety because more experienced peers judge form	Medium	Social	Pratyahara + Solo yoga alternative + Gradual gym reentry	Engineering_1st_Year	Gym intimidation; safe exercise environment
48	Annamaya Kosha	Physical Body	Physical health, food, sleep, movement, sensory experience	Physical Activity	Knee injury stopping all sports causing emotional withdrawal	High	Acute	Grief for physical self + Seated Pranayama + Adaptation	Sports_Student	Injury grief; adaptation to modified activity
49	Annamaya Kosha	Physical Body	Physical health, food, sleep, movement, sensory experience	Physical Activity	Feeling too stressed to exercise even though it helps anxiety	Medium	Chronic	Motivation reframe + Pranayama walk + 10-min minimum	Engineering_2nd_Year	Exercise avoidance paradox; gentle activation
50	Annamaya Kosha	Physical Body	Physical health, food, sleep, movement, sensory experience	Physical Activity	Missing the college cricket team after being dropped from the squad	High	Social	Grief PFA + Identity reframe + Alternative movement joy	Sports_Student	Identity loss through sports exclusion
51	Annamaya Kosha	Physical Body	Physical health, food, sleep, movement, sensory experience	Sensory Overload	Crowded canteen triggering physical discomfort and shutdown	High	Environmental	Pratyahara + Sensory anchoring + Safe-space identification	Science_1st_Year	Sensory sensitivity; possible HSP or ASD traits
52	Annamaya Kosha	Physical Body	Physical health, food, sleep, movement, sensory experience	Sensory Overload	Loud construction noise near hostel disrupting focus daily	Medium	Environmental	Pratyahara + Noise-cancelling routine + Study relocation	All_Hostellers	Environmental chronic stressor
53	Annamaya Kosha	Physical Body	Physical health, food, sleep, movement, sensory experience	Sensory Overload	Bright fluorescent lights in exam hall triggering headaches	Medium	Environmental	Visual Pratyahara + Pre-exam grounding ritual	Engineering_3rd_Year	Photosensitivity under stress
54	Annamaya Kosha	Physical Body	Physical health, food, sleep, movement, sensory experience	Sensory Overload	Strong smell of chemicals in lab causing nausea and anxiety	Medium	Environmental	Breath focus + Scent anchoring + Grounding	Science_Lab_Student	Olfactory trigger; anxiety and nausea
55	Annamaya Kosha	Physical Body	Physical health, food, sleep, movement, sensory experience	Sensory Overload	Touch sensitivity making crowded buses feel unbearable	Medium	Environmental	Pratyahara + Personal space planning + Grounding	Commuter_Student	Tactile defensiveness; transport anxiety
103	Pranamaya Kosha	Vital/Energy Body	Life force, breath, energy flow, vitality	Breath Awareness	Forgetting to breathe deeply during an anxiety attack in class	High	Acute	Box Breathing + Diaphragmatic breath coaching	Engineering_3rd_Year	Hyperventilation loop; immediate breathwork
104	Pranamaya Kosha	Vital/Energy Body	Life force, breath, energy flow, vitality	Breath Awareness	Holding breath unconsciously while reading difficult problems	Medium	Chronic	Breath awareness cue + 5-5-5 breathing	Engineering_2nd_Year	Apnea under cognitive load; mindful breathing
105	Pranamaya Kosha	Vital/Energy Body	Life force, breath, energy flow, vitality	Breath Awareness	Shortness of breath climbing stairs due to anxiety not fitness	High	Acute	Vagal breathing + Grounding + Medical screening	Science_1st_Year	Anxiety-driven dyspnea; rule out asthma
106	Pranamaya Kosha	Vital/Energy Body	Life force, breath, energy flow, vitality	Breath Awareness	Breathing fast and shallow when reading exam results online	High	Acute	4-7-8 Breathing + PFA grounding + Psychoeducation	Engineering_3rd_Year	Result-anxiety hyperventilation
107	Pranamaya Kosha	Vital/Energy Body	Life force, breath, energy flow, vitality	Breath Awareness	Noticing breath getting tight during parental phone calls about marks	High	Social	Breath anchor + Assertiveness PFA + Boundary coaching	Engineering_2nd_Year	Parental pressure somatic response
108	Pranamaya Kosha	Vital/Energy Body	Life force, breath, energy flow, vitality	Breath Awareness	Yawning frequently in stressful situations as a coping reflex	Low	Chronic	Breath awareness + Vagal toning education	All_Students	Vagal reset via yawn; educate on breath
109	Pranamaya Kosha	Vital/Energy Body	Life force, breath, energy flow, vitality	Breath Awareness	Breathing through mouth chronically due to stress and nasal congestion	Medium	Chronic	Nasal breathing training + Buteyko basics + Pranamaya	All_Students	Mouth breathing; impacts nervous system regulation
110	Pranamaya Kosha	Vital/Energy Body	Life force, breath, energy flow, vitality	Breath Awareness	Feeling suffocated in closed seminar rooms during long lectures	Medium	Environmental	Pratyahara + Window-side seating + Breath anchor	All_Students	Claustrophobia-adjacent anxiety
111	Pranamaya Kosha	Vital/Energy Body	Life force, breath, energy flow, vitality	Breath Awareness	Panic breathing pattern developing during online exam proctoring	High	Acute	Pre-exam breath ritual + Grounding + Cognitive anchor	Engineering_3rd_Year	Online exam surveillance anxiety
112	Pranamaya Kosha	Vital/Energy Body	Life force, breath, energy flow, vitality	Breath Awareness	Irregular breath during conflict with professor in front of class	High	Social	Pause breath + Dignified exit + PFA debrief	Engineering_2nd_Year	Public humiliation somatic response
113	Pranamaya Kosha	Vital/Energy Body	Life force, breath, energy flow, vitality	Energy Depletion	Feeling energetically drained after a group project meeting	Medium	Social	Pranamaya replenishment + Introvert recovery practices	Engineering_2nd_Year	Social energy drain; introvert pattern
114	Pranamaya Kosha	Vital/Energy Body	Life force, breath, energy flow, vitality	Energy Depletion	Prana drain from constantly being 'the responsible one' in the group	High	Chronic	Role boundary PFA + Delegation + Pranamaya rest	Engineering_3rd_Year	Caretaker fatigue in peer groups
115	Pranamaya Kosha	Vital/Energy Body	Life force, breath, energy flow, vitality	Energy Depletion	Energy crash after long online classes sitting motionless	Medium	Chronic	Movement micro-breaks + Pranayama energizer + Pratyahara	All_Online_Students	Digital fatigue + postural stagnation
116	Pranamaya Kosha	Vital/Energy Body	Life force, breath, energy flow, vitality	Energy Depletion	Feeling like running on empty after 3 all-nighters in a row	High	Acute	Emergency Yoga Nidra + Annamaya + Medical check	Engineering_3rd_Year	Sleep deprivation crisis; urgent intervention
117	Pranamaya Kosha	Vital/Energy Body	Life force, breath, energy flow, vitality	Energy Depletion	Post-COVID fatigue lasting months affecting attendance	High	Chronic	Pranamaya gentle restoration + Pranayama + Medical follow-up	Any_Student	Long COVID fatigue; needs medical management
118	Pranamaya Kosha	Vital/Energy Body	Life force, breath, energy flow, vitality	Energy Depletion	Energy completely gone after a heated argument with hostel warden	High	Social	Somatic discharge + Pranamaya rest + PFA debrief	Hostel_Students	Authority conflict somatic drain
119	Pranamaya Kosha	Vital/Energy Body	Life force, breath, energy flow, vitality	Energy Depletion	Feeling wiped out from maintaining a happy facade all day	High	Chronic	Emotional authenticity coaching + Pranamaya recharge	Arts_2nd_Year	Masking exhaustion; emotional labor
120	Pranamaya Kosha	Vital/Energy Body	Life force, breath, energy flow, vitality	Energy Depletion	Flat energy the entire week after getting a low grade on a project	Medium	Acute	Grief validation + Pranamaya + Behavioral reactivation	Engineering_2nd_Year	Defeat response energy collapse
121	Pranamaya Kosha	Vital/Energy Body	Life force, breath, energy flow, vitality	Energy Depletion	Feeling depleted from being the emotional support for all friends	High	Chronic	Boundary PFA + Pranamaya self-care + Metta toward self	Arts_3rd_Year	Emotional support overload; boundary work needed
122	Pranamaya Kosha	Vital/Energy Body	Life force, breath, energy flow, vitality	Energy Depletion	Unable to feel rested no matter how much sleep is taken	High	Chronic	Non-restorative sleep protocol + Yoga Nidra + Medical referral	Science_2nd_Year	Possible sleep disorder; clinical screening
123	Pranamaya Kosha	Vital/Energy Body	Life force, breath, energy flow, vitality	Vitality & Life Force	Losing the spark that made studying enjoyable earlier	High	Chronic	Svadhyaya (self-study) + Vijnanamaya purpose work	Engineering_3rd_Year	Anhedonia onset; depression screening
124	Pranamaya Kosha	Vital/Energy Body	Life force, breath, energy flow, vitality	Vitality & Life Force	Feeling flat and grey even during festivals or celebrations	High	Chronic	Anandamaya reconnect + Metta + Depression referral	Arts_2nd_Year	Emotional blunting; MDD possibility
125	Pranamaya Kosha	Vital/Energy Body	Life force, breath, energy flow, vitality	Vitality & Life Force	No enthusiasm for any subject despite choosing the stream voluntarily	High	Chronic	Vijnanamaya purpose exploration + Career counseling	Engineering_2nd_Year	Interest-course mismatch; existential drift
126	Pranamaya Kosha	Vital/Energy Body	Life force, breath, energy flow, vitality	Vitality & Life Force	Dreading waking up every morning without a clear reason	High	Chronic	Morning Pranayama ritual + Anandamaya intention-setting	All_Students	Anhedonic mornings; depression marker
127	Pranamaya Kosha	Vital/Energy Body	Life force, breath, energy flow, vitality	Vitality & Life Force	Joy returning briefly after a good conversation then disappearing	Medium	Chronic	Positive emotion amplification + Pranamaya nurture	Arts_1st_Year	Hedonic dampening; build positive reserves
128	Pranamaya Kosha	Vital/Energy Body	Life force, breath, energy flow, vitality	Vitality & Life Force	Feeling alive only during creative activities then dead otherwise	Medium	Chronic	Creative Pranamaya integration + Course-life balance	Arts_3rd_Year	Selective vitality; channel into academics
129	Pranamaya Kosha	Vital/Energy Body	Life force, breath, energy flow, vitality	Vitality & Life Force	Comparing current low energy self to the high-achieving self of 2 years ago	High	Chronic	Compassionate timeline + Svadhyaya + Self-narrative work	Engineering_3rd_Year	Identity-performance gap distress
130	Pranamaya Kosha	Vital/Energy Body	Life force, breath, energy flow, vitality	Vitality & Life Force	Feeling like going through the motions without truly living	High	Chronic	Anandamaya awakening + Existential PFA + Therapy referral	Engineering_Final_Year	Depersonalization element; needs clinical attention
131	Pranamaya Kosha	Vital/Energy Body	Life force, breath, energy flow, vitality	Vitality & Life Force	Burst of energy then complete crash in a daily cycle	Medium	Chronic	Ultradian rhythm education + Pranamaya pacing	Engineering_2nd_Year	Energy dysregulation; possible bipolar lite
132	Pranamaya Kosha	Vital/Energy Body	Life force, breath, energy flow, vitality	Vitality & Life Force	No desire to participate in clubs or events previously enjoyed	High	Chronic	Social withdrawal tracking + Anandamaya rekindling	Engineering_1st_Year	Social anhedonia; early depression signal
133	Pranamaya Kosha	Vital/Energy Body	Life force, breath, energy flow, vitality	Prana Dysregulation	Sudden surge of energy and racing thoughts at 2 AM	High	Chronic	Sheetali Pranayama + Pratyahara wind-down + Sleep anchoring	Engineering_2nd_Year	Hypomanic or anxiety-driven nocturnal arousal
134	Pranamaya Kosha	Vital/Energy Body	Life force, breath, energy flow, vitality	Prana Dysregulation	Restless leg sensation preventing sleep; leg energy not settling	Medium	Chronic	Legs-up-the-wall + Yoga Nidra + Medical RLS check	Science_2nd_Year	Restless leg syndrome or anxiety-linked
135	Pranamaya Kosha	Vital/Energy Body	Life force, breath, energy flow, vitality	Prana Dysregulation	Tingling in hands and feet during panic that scares the student	High	Acute	Psychoeducation on panic + Diaphragmatic breathing + Grounding	Engineering_3rd_Year	Hyperventilation paresthesia; demystify
136	Pranamaya Kosha	Vital/Energy Body	Life force, breath, energy flow, vitality	Prana Dysregulation	Heart rate spiking to 140 just from getting a notification	High	Acute	Vagal maneuver + 4-7-8 breath + Phone anxiety coaching	Engineering_2nd_Year	Digital notification anxiety; autonomic dysregulation
137	Pranamaya Kosha	Vital/Energy Body	Life force, breath, energy flow, vitality	Prana Dysregulation	Feeling buzzy and wired after caffeinated study sessions	Medium	Acute	Sheetali + Cold water + Grounding + Caffeine audit	Engineering_3rd_Year	Caffeine overstimulation; Pranamaya calming
138	Pranamaya Kosha	Vital/Energy Body	Life force, breath, energy flow, vitality	Prana Dysregulation	Sweating palms and shaky voice at the start of every presentation	Medium	Acute	Pre-presentation ritual + Kumbhaka breath + Grounding object	Engineering_2nd_Year	Performance autonomic activation
139	Pranamaya Kosha	Vital/Energy Body	Life force, breath, energy flow, vitality	Prana Dysregulation	Shaking uncontrollably after receiving bad news about academics	High	Acute	TRE-adjacent shaking acknowledgment + PFA support + Grounding	Engineering_3rd_Year	Acute stress response somatic discharge
140	Pranamaya Kosha	Vital/Energy Body	Life force, breath, energy flow, vitality	Prana Dysregulation	Dizzy spells when standing up suddenly after long study sessions	Medium	Chronic	Orthostatic hypotension + Pranamaya awareness + Hydration	Engineering_2nd_Year	Orthostatic dysregulation; medical check
141	Pranamaya Kosha	Vital/Energy Body	Life force, breath, energy flow, vitality	Prana Dysregulation	Feeling frozen and unable to move during panic attacks	High	Acute	Freeze response PFA + Gentle movement + Somatic thaw	Science_1st_Year	Freeze panic response; somatic work
142	Pranamaya Kosha	Vital/Energy Body	Life force, breath, energy flow, vitality	Prana Dysregulation	Irregular heartbeat sensation noticed during stressful periods	High	Acute	Medical urgent referral + Calm breath + PFA support	Engineering_Final_Year	Cardiac symptom; medical priority then psycho-support
143	Pranamaya Kosha	Vital/Energy Body	Life force, breath, energy flow, vitality	Pranayama Response	Pranayama making anxiety worse instead of better	High	Acute	Breath-anxiety paradox education + Shorter exhale-focus only	Science_2nd_Year	Pranayama paradox; adjust technique
144	Pranamaya Kosha	Vital/Energy Body	Life force, breath, energy flow, vitality	Pranayama Response	Feeling lightheaded after trying Kapalabhati on YouTube	Medium	Acute	Technique correction + Supervised Pranayama introduction	Engineering_1st_Year	Self-taught Pranayama error; retraining
145	Pranamaya Kosha	Vital/Energy Body	Life force, breath, energy flow, vitality	Pranayama Response	Breath hold exercises triggering panic instead of calm	High	Acute	Avoid Kumbhaka for now + Exhale-extension only technique	Science_1st_Year	Breath retention trauma; avoid holds initially
146	Pranamaya Kosha	Vital/Energy Body	Life force, breath, energy flow, vitality	Pranayama Response	Falling asleep immediately during Pranayama exercises	Low	Acute	Time-of-day adjustment + Seated practice + Kapalbhati starter	Engineering_2nd_Year	Parasympathetic override; adjust timing
147	Pranamaya Kosha	Vital/Energy Body	Life force, breath, energy flow, vitality	Pranayama Response	Unable to concentrate on breath without intrusive thoughts flooding in	High	Chronic	Non-breath anchor option + Manomaya cognitive work first	Engineering_3rd_Year	Racing mind interrupts practice; needs thought labeling first
148	Pranamaya Kosha	Vital/Energy Body	Life force, breath, energy flow, vitality	Pranamaya Environment	Stale hostel air with no ventilation causing daily lethargy	Medium	Environmental	Morning outdoor Pranayama ritual + Window strategy	Hostel_Students	Poor ventilation; Pranamaya environmental fix
149	Pranamaya Kosha	Vital/Energy Body	Life force, breath, energy flow, vitality	Pranamaya Environment	Feeling energized only in natural settings but trapped in campus	Medium	Chronic	Nature Pranayama walks + Pranamaya sensory rituals	Engineering_2nd_Year	Nature deficit disorder; outdoor prescription
150	Pranamaya Kosha	Vital/Energy Body	Life force, breath, energy flow, vitality	Pranamaya Environment	Pollution-heavy campus area affecting breathing and mood	Medium	Environmental	Indoor Pranayama + Air quality awareness + Neti awareness	Urban_Campus_Students	Environmental Pranamaya disruption
151	Pranamaya Kosha	Vital/Energy Body	Life force, breath, energy flow, vitality	Pranamaya Environment	Weather changes (monsoon humidity) tanking energy levels	Low	Environmental	Seasonal Pranayama adaptations + Ayurvedic seasonal tips	All_Students	Seasonal energy variation; normalize and adapt
152	Pranamaya Kosha	Vital/Energy Body	Life force, breath, energy flow, vitality	Pranamaya Environment	Post-festival sugar-crash energy dip lasting days	Low	Acute	Blood sugar stabilization + Pranayama + Annamaya reset	All_Students	Festive diet disruption; Pranamaya recovery
153	Pranamaya Kosha	Vital/Energy Body	Life force, breath, energy flow, vitality	Pranamaya Environment	City student depleted from rural campus isolation	High	Environmental	Pranamaya reconnect + Social ritual building + Metta	Urban_to_Rural_Campus	Environmental mismatch; social support deficit
205	Manomaya Kosha	Mental/Emotional Body	Thoughts, emotions, feelings, memory, perception	Anxiety	Constant worry about failing the semester dominating all thoughts	High	Chronic	Thought defusion + Nadi Shodhana + CBT elements	Engineering_2nd_Year	Generalized academic anxiety; persistent worry
206	Manomaya Kosha	Mental/Emotional Body	Thoughts, emotions, feelings, memory, perception	Anxiety	Panic attack mid-exam blanking out completely on known answers	High	Acute	In-exam grounding + Box breathing + Mantra anchor	Engineering_3rd_Year	Test anxiety with dissociation element
207	Manomaya Kosha	Mental/Emotional Body	Thoughts, emotions, feelings, memory, perception	Anxiety	Social anxiety preventing asking questions in class despite knowing answers	Medium	Chronic	Manomaya reframing + Gradual exposure + Metta	Engineering_1st_Year	Social evaluation anxiety; classroom participation
208	Manomaya Kosha	Mental/Emotional Body	Thoughts, emotions, feelings, memory, perception	Anxiety	Health anxiety â€” Googling symptoms and convincing oneself of diseases	High	Chronic	Cyberchondria coaching + Vijnanamaya discernment + Medical facts	Science_2nd_Year	Health anxiety; internet reinforcement loop
209	Manomaya Kosha	Mental/Emotional Body	Thoughts, emotions, feelings, memory, perception	Anxiety	Anticipatory anxiety about results for weeks before they arrive	High	Chronic	Present-moment anchoring + Pranamaya + Distress tolerance	Engineering_3rd_Year	Future-oriented anxiety; uncertainty intolerance
210	Manomaya Kosha	Mental/Emotional Body	Thoughts, emotions, feelings, memory, perception	Anxiety	Anxiety about making the right career choice paralyzing all decisions	High	Chronic	Vijnanamaya values clarity + Decisional counseling	Engineering_Final_Year	Decision paralysis; career identity crisis
211	Manomaya Kosha	Mental/Emotional Body	Thoughts, emotions, feelings, memory, perception	Anxiety	Performance anxiety before every coding interview round	High	Acute	Pre-interview ritual + Breath + Positive self-talk protocol	Engineering_Final_Year	Technical interview anxiety; learned helplessness risk
212	Manomaya Kosha	Mental/Emotional Body	Thoughts, emotions, feelings, memory, perception	Anxiety	Anxiety triggered by professor's unpredictable moods in lab	Medium	Social	External locus coaching + Manomaya stability anchors	Science_3rd_Year	Authority unpredictability anxiety
213	Manomaya Kosha	Mental/Emotional Body	Thoughts, emotions, feelings, memory, perception	Anxiety	Free-floating anxiety with no identifiable trigger	High	Chronic	GAD psychoeducation + Pranamaya + Clinical referral	All_Students	Free-floating anxiety; GAD screening
214	Manomaya Kosha	Mental/Emotional Body	Thoughts, emotions, feelings, memory, perception	Anxiety	Separation anxiety from family when moving to hostel first time	High	Acute	Attachment psychoeducation + Metta for family + Grounding	Engineering_1st_Year	Transition anxiety; first hostel experience
215	Manomaya Kosha	Mental/Emotional Body	Thoughts, emotions, feelings, memory, perception	Depression	Persistent sadness for over 2 weeks with no clear cause	High	Chronic	Depression PFA + Behavioral activation + Urgent counseling	Arts_2nd_Year	MDD screening; 2-week threshold reached
216	Manomaya Kosha	Mental/Emotional Body	Thoughts, emotions, feelings, memory, perception	Depression	Crying without knowing why while studying alone at night	High	Chronic	Validation + Manomaya support + Clinical referral	Arts_1st_Year	Undifferentiated depression; emotional flooding
217	Manomaya Kosha	Mental/Emotional Body	Thoughts, emotions, feelings, memory, perception	Depression	Loss of interest in hobbies that used to bring joy	High	Chronic	Anhedonia protocol + Pranamaya + Activity scheduling	Engineering_3rd_Year	Core MDD symptom; priority intervention
218	Manomaya Kosha	Mental/Emotional Body	Thoughts, emotions, feelings, memory, perception	Depression	Feeling worthless after consecutive academic failures	High	Chronic	Self-worth decoupling from grades + Vijnanamaya + Counseling	Engineering_2nd_Year	Performance-linked self-worth collapse
219	Manomaya Kosha	Mental/Emotional Body	Thoughts, emotions, feelings, memory, perception	Depression	Hopelessness about future job prospects in chosen field	High	Chronic	Hope cultivation + Vijnanamaya purpose + Career counseling	Engineering_Final_Year	Hopelessness; depression risk factor
220	Manomaya Kosha	Mental/Emotional Body	Thoughts, emotions, feelings, memory, perception	Depression	Emotional numbness making it hard to feel anything	High	Chronic	Manomaya reactivation + Somatic work + Clinical referral	Arts_2nd_Year	Emotional blunting; possible dissociation or MDD
221	Manomaya Kosha	Mental/Emotional Body	Thoughts, emotions, feelings, memory, perception	Depression	Wishing to disappear but without active suicidal intent	High	Chronic	Safety planning + Immediate clinical referral + Crisis protocol	Engineering_3rd_Year	Passive suicidal ideation; CRITICAL â€” escalate
222	Manomaya Kosha	Mental/Emotional Body	Thoughts, emotions, feelings, memory, perception	Depression	Feeling like a burden to family causing withdrawal	High	Chronic	Burdensomeness cognitive work + PFA + Safety assessment	Engineering_2nd_Year	Interpersonal burden belief; Joiner's theory risk
223	Manomaya Kosha	Mental/Emotional Body	Thoughts, emotions, feelings, memory, perception	Depression	Grey days with no color or feeling for weeks on end	High	Chronic	Anandamaya + Manomaya + Clinical depression management	Any_Student	Pervasive anhedonia; long-duration red flag
224	Manomaya Kosha	Mental/Emotional Body	Thoughts, emotions, feelings, memory, perception	Depression	Unable to imagine any positive future scenario	High	Chronic	Future-self visualization + Hope therapy + Clinical referral	Engineering_Final_Year	Hopelessness scale high; clinical urgency
225	Manomaya Kosha	Mental/Emotional Body	Thoughts, emotions, feelings, memory, perception	Anger & Frustration	Explosive anger at small triggers after weeks of suppressed stress	High	Chronic	Anger discharge safely + Manomaya emotional processing	Engineering_3rd_Year	Frustration overflow; anger as secondary emotion
226	Manomaya Kosha	Mental/Emotional Body	Thoughts, emotions, feelings, memory, perception	Anger & Frustration	Rage toward professor who publicly embarrassed student	High	Acute	Anger validation + Dignified response planning + PFA	Engineering_2nd_Year	Righteous anger; needs safe expression
227	Manomaya Kosha	Mental/Emotional Body	Thoughts, emotions, feelings, memory, perception	Anger & Frustration	Seething anger at unfair grading but afraid to speak up	Medium	Chronic	Assertiveness training + Anger processing + Manomaya	Science_3rd_Year	Suppressed anger; fear of authority
228	Manomaya Kosha	Mental/Emotional Body	Thoughts, emotions, feelings, memory, perception	Anger & Frustration	Irritability at everyone around without knowing why	Medium	Chronic	Underlying depression check + Manomaya audit + PFA	Engineering_2nd_Year	Irritability as depression variant
229	Manomaya Kosha	Mental/Emotional Body	Thoughts, emotions, feelings, memory, perception	Anger & Frustration	Passive-aggressive behavior toward groupmates causing conflict	Medium	Social	Assertiveness + Anger awareness + Manomaya communication	Engineering_3rd_Year	Indirect anger expression; assertiveness deficit
230	Manomaya Kosha	Mental/Emotional Body	Thoughts, emotions, feelings, memory, perception	Grief & Loss	Grief after losing a grandparent during exam season	High	Acute	Grief PFA + Dual-process model + Exam deferral guidance	Any_Student	Bereavement during high-pressure period
231	Manomaya Kosha	Mental/Emotional Body	Thoughts, emotions, feelings, memory, perception	Grief & Loss	Mourning the social life lost after shifting to a different hostel	Medium	Chronic	Transition grief + Social rebuilding + Manomaya support	Engineering_2nd_Year	Relocation grief; social network disruption
232	Manomaya Kosha	Mental/Emotional Body	Thoughts, emotions, feelings, memory, perception	Grief & Loss	Sadness after a pet died back home and being unable to attend	High	Acute	Pet grief validation + Manomaya support + Connection ritual	Any_Student	Disenfranchised grief; validate fully
233	Manomaya Kosha	Mental/Emotional Body	Thoughts, emotions, feelings, memory, perception	Grief & Loss	Grief over a failed relationship that consumed 2 years of college	High	Acute	Relationship grief PFA + Manomaya processing + Self-compassion	Engineering_3rd_Year	Romantic grief; identity recovery needed
234	Manomaya Kosha	Mental/Emotional Body	Thoughts, emotions, feelings, memory, perception	Grief & Loss	Missing home intensely during first Diwali away at hostel	High	Acute	Cultural grief + Metta toward family + Ritual creation	Engineering_1st_Year	Festival homesickness; acute grief spike
235	Manomaya Kosha	Mental/Emotional Body	Thoughts, emotions, feelings, memory, perception	Loneliness & Isolation	Surrounded by 300 people but feeling completely alone in college	High	Chronic	Manomaya loneliness work + Social anxiety PFA + Metta	Engineering_1st_Year	Existential loneliness; social skill deficit
236	Manomaya Kosha	Mental/Emotional Body	Thoughts, emotions, feelings, memory, perception	Loneliness & Isolation	No one to call when feeling bad at 2 AM	High	Chronic	Crisis contact list + Manomaya support + Peer program referral	Engineering_2nd_Year	Social isolation at crisis point; safety concern
237	Manomaya Kosha	Mental/Emotional Body	Thoughts, emotions, feelings, memory, perception	Loneliness & Isolation	Feeling excluded from friend groups who all seem to have found their people	High	Chronic	Belonging PFA + Social skills coaching + Manomaya	Engineering_1st_Year	Belonging deficit; group exclusion perception
238	Manomaya Kosha	Mental/Emotional Body	Thoughts, emotions, feelings, memory, perception	Loneliness & Isolation	Being the only one from home state in the entire department	Medium	Social	Cultural identity bridging + Diaspora support + Metta	Engineering_1st_Year	Cultural isolation; minority experience
239	Manomaya Kosha	Mental/Emotional Body	Thoughts, emotions, feelings, memory, perception	Loneliness & Isolation	Friends all busy with internships leaving one person behind	Medium	Social	FOMO coaching + Manomaya + Self-directed summer planning	Engineering_3rd_Year	Social comparison loneliness
240	Manomaya Kosha	Mental/Emotional Body	Thoughts, emotions, feelings, memory, perception	Rumination & Overthinking	Replaying embarrassing moment in class on loop for days	High	Chronic	Thought stopping + Manomaya defusion + Self-compassion	Engineering_1st_Year	Embarrassment rumination; social anxiety driver
241	Manomaya Kosha	Mental/Emotional Body	Thoughts, emotions, feelings, memory, perception	Rumination & Overthinking	Overthinking every message sent to a professor for hours	Medium	Chronic	Cognitive checking pattern + Manomaya + OCD screening	Engineering_2nd_Year	Reassurance-seeking rumination; OCD spectrum
242	Manomaya Kosha	Mental/Emotional Body	Thoughts, emotions, feelings, memory, perception	Rumination & Overthinking	Cannot stop analyzing what went wrong in a failed interview	High	Acute	Post-event processing PFA + Vijnanamaya learning reframe	Engineering_Final_Year	Post-interview rumination; self-flagellation
243	Manomaya Kosha	Mental/Emotional Body	Thoughts, emotions, feelings, memory, perception	Rumination & Overthinking	Spending 2 hours rewriting a single email before sending	Medium	Chronic	Perfectionism + Manomaya + OCD screening + Time box	Engineering_3rd_Year	Perfectionism-driven rumination
244	Manomaya Kosha	Mental/Emotional Body	Thoughts, emotions, feelings, memory, perception	Rumination & Overthinking	Mind going over every scenario of an upcoming confrontation	High	Acute	Worry postponement + Manomaya grounding + Pranayama	Engineering_2nd_Year	Anticipatory rumination; catastrophizing
245	Manomaya Kosha	Mental/Emotional Body	Thoughts, emotions, feelings, memory, perception	Fear & Phobias	Fear of needles making health check-ups impossible	Medium	Environmental	Needle phobia desensitization + Grounding + Pranayama	Any_Student	Specific phobia; needle avoidance affecting health
246	Manomaya Kosha	Mental/Emotional Body	Thoughts, emotions, feelings, memory, perception	Fear & Phobias	Intense fear of the dark in hostel when power cuts happen	Medium	Environmental	Darkness fear + Grounding + Light anchoring + Psychoeducation	Engineering_1st_Year	Nyctophobia; dormitory vulnerability
247	Manomaya Kosha	Mental/Emotional Body	Thoughts, emotions, feelings, memory, perception	Fear & Phobias	Fear of public speaking so severe it risks academic failure	High	Chronic	Speech anxiety hierarchy + Pranayama + Gradual exposure	Engineering_2nd_Year	Glossophobia; academic impact critical
248	Manomaya Kosha	Mental/Emotional Body	Thoughts, emotions, feelings, memory, perception	Fear & Phobias	Fear of failure so paralyzing that assignments go unsubmitted	High	Chronic	Atychiphobia + Manomaya courage work + Procrastination PFA	Engineering_3rd_Year	Fear-driven procrastination; failure avoidance
249	Manomaya Kosha	Mental/Emotional Body	Thoughts, emotions, feelings, memory, perception	Mood Instability	Mood swings from high to low within the same day unpredictably	High	Chronic	Mood tracking + Manomaya regulation + Clinical screening	Arts_2nd_Year	Mood lability; bipolar or BPD screening
250	Manomaya Kosha	Mental/Emotional Body	Thoughts, emotions, feelings, memory, perception	Mood Instability	Emotional explosiveness that scares roommates and damages friendships	High	Chronic	DBT emotion regulation intro + Clinical referral + Safety	Any_Student	BPD traits; needs clinical management
251	Manomaya Kosha	Mental/Emotional Body	Thoughts, emotions, feelings, memory, perception	Mood Instability	Feeling on top of the world one week then crashing the next	High	Chronic	Cyclothymia screening + Mood chart + Clinical referral	Engineering_2nd_Year	Cyclical mood pattern; clinical screening
252	Manomaya Kosha	Mental/Emotional Body	Thoughts, emotions, feelings, memory, perception	Mood Instability	PMS-related mood disruption affecting academic performance monthly	Medium	Chronic	Menstrual cycle tracking + Manomaya self-compassion + Support	Female_Students	PMDD possibility; hormonal and emotional overlap
253	Manomaya Kosha	Mental/Emotional Body	Thoughts, emotions, feelings, memory, perception	Mood Instability	Euphoric high after good results followed by severe emptiness	High	Acute	Emotional regulation + Manomaya steadiness practices	Engineering_3rd_Year	Emotional contrasts post-achievement; destabilizing
254	Manomaya Kosha	Mental/Emotional Body	Thoughts, emotions, feelings, memory, perception	Trauma Responses	Flashbacks to school bullying triggered by a professor's harsh words	High	Acute	Trauma PFA + Grounding + Trauma-informed clinical referral	Engineering_1st_Year	PTSD reactivation; needs clinical trauma work
255	Manomaya Kosha	Mental/Emotional Body	Thoughts, emotions, feelings, memory, perception	Trauma Responses	Sexual harassment on campus causing hypervigilance in college spaces	High	Acute	Safety planning + Trauma PFA + Clinical + Legal guidance	Any_Student	Sexual trauma; multi-system support needed
256	Manomaya Kosha	Mental/Emotional Body	Thoughts, emotions, feelings, memory, perception	Trauma Responses	Childhood emotional neglect patterns reactivated by cold professors	High	Chronic	Attachment trauma PFA + Manomaya inner-child work	Engineering_2nd_Year	Complex trauma; schema-level work
257	Manomaya Kosha	Mental/Emotional Body	Thoughts, emotions, feelings, memory, perception	Trauma Responses	Witnessing a road accident causing hyperarousal for weeks	High	Acute	Acute stress response PFA + Grounding + Clinical referral	Any_Student	Acute PTSD; witness trauma
258	Manomaya Kosha	Mental/Emotional Body	Thoughts, emotions, feelings, memory, perception	Trauma Responses	Emotional shutdown when touched unexpectedly due to past abuse	High	Chronic	Trauma-informed Pranamaya + Somatic safety work + Clinical	Any_Student	Touch trauma; somatic dissociation
307	Vijnanamaya Kosha	Intellect/Wisdom Body	Intellect, discernment, self-awareness, values, decision-making	Identity & Purpose	No clarity on why engineering was chosen; following parental pressure	High	Chronic	Svadhyaya self-inquiry + Values clarification + Career counseling	Engineering_1st_Year	Externally chosen career path; identity confusion
308	Vijnanamaya Kosha	Intellect/Wisdom Body	Intellect, discernment, self-awareness, values, decision-making	Identity & Purpose	Feeling like an imposter despite consistently good grades	High	Chronic	Imposter syndrome PFA + Vijnanamaya evidence-mapping	Engineering_3rd_Year	Imposter syndrome; high-achiever pattern
309	Vijnanamaya Kosha	Intellect/Wisdom Body	Intellect, discernment, self-awareness, values, decision-making	Identity & Purpose	Questioning if science is the right field after failing one module	High	Acute	Single-event overgeneralization + Vijnanamaya reframe	Science_2nd_Year	Identity threat from one failure
310	Vijnanamaya Kosha	Intellect/Wisdom Body	Intellect, discernment, self-awareness, values, decision-making	Identity & Purpose	Lost sense of self after breaking up with long-term partner	High	Acute	Identity PFA + Svadhyaya + Self-reconstruction coaching	Engineering_3rd_Year	Enmeshed identity loss; relationship dissolution
311	Vijnanamaya Kosha	Intellect/Wisdom Body	Intellect, discernment, self-awareness, values, decision-making	Identity & Purpose	Feeling like a different person since coming to college (not sure if good)	Medium	Chronic	Identity flux normalization + Vijnanamaya exploration	Engineering_1st_Year	Normal college identity development; needs validation
312	Vijnanamaya Kosha	Intellect/Wisdom Body	Intellect, discernment, self-awareness, values, decision-making	Identity & Purpose	Religious identity conflicting with college peer culture	High	Chronic	Values integration + Vijnanamaya pluralism + Acceptance	Any_Student	Cultural-religious identity conflict
313	Vijnanamaya Kosha	Intellect/Wisdom Body	Intellect, discernment, self-awareness, values, decision-making	Identity & Purpose	First-generation college student feeling out of place	High	Chronic	First-gen coaching + Vijnanamaya pride + Social capital	Engineering_1st_Year	First-gen identity stress; navigating hidden curriculum
314	Vijnanamaya Kosha	Intellect/Wisdom Body	Intellect, discernment, self-awareness, values, decision-making	Identity & Purpose	Gender identity questions emerging in college without safe space	High	Chronic	LGBTQ+ affirming PFA + Vijnanamaya identity support + Referral	Any_Student	Gender identity exploration; needs safe affirming space
315	Vijnanamaya Kosha	Intellect/Wisdom Body	Intellect, discernment, self-awareness, values, decision-making	Identity & Purpose	No answer to 'what kind of engineer do I want to be' even in final year	High	Chronic	Career identity + Vijnanamaya + Informational interviews	Engineering_Final_Year	Career identity not formed by final year
316	Vijnanamaya Kosha	Intellect/Wisdom Body	Intellect, discernment, self-awareness, values, decision-making	Identity & Purpose	Feeling robotic going through academic motions without meaning	High	Chronic	Existential PFA + Anandamaya meaning-making + Svadhyaya	Engineering_3rd_Year	Existential vacuum; Frankl-ian work
317	Vijnanamaya Kosha	Intellect/Wisdom Body	Intellect, discernment, self-awareness, values, decision-making	Decision Making	Paralyzed by choice between two internship offers for days	High	Acute	Decisional balance + Vijnanamaya clarity + Time-boxing decision	Engineering_Final_Year	Decision paralysis; maximizer pattern
318	Vijnanamaya Kosha	Intellect/Wisdom Body	Intellect, discernment, self-awareness, values, decision-making	Decision Making	Unable to decide whether to drop a semester for mental health	High	Acute	Compassionate decision framework + Clinical + Academic counseling	Engineering_3rd_Year	High-stakes academic decision under distress
319	Vijnanamaya Kosha	Intellect/Wisdom Body	Intellect, discernment, self-awareness, values, decision-making	Decision Making	Changing majors vs staying out of fear of letting parents down	High	Chronic	Values vs fear mapping + Vijnanamaya + Family systems work	Engineering_2nd_Year	Parental expectation vs authentic path conflict
320	Vijnanamaya Kosha	Intellect/Wisdom Body	Intellect, discernment, self-awareness, values, decision-making	Decision Making	Regret about not taking a gap year spiraling into self-blame	Medium	Chronic	Decision compassion + Vijnanamaya acceptance + Reframe	Engineering_1st_Year	Decision regret rumination; self-blame loop
321	Vijnanamaya Kosha	Intellect/Wisdom Body	Intellect, discernment, self-awareness, values, decision-making	Decision Making	Choosing between campus placement and higher studies feels impossible	High	Chronic	Career values + Vijnanamaya + Informational interviewing	Engineering_Final_Year	Career decision overload; common final-year stressor
322	Vijnanamaya Kosha	Intellect/Wisdom Body	Intellect, discernment, self-awareness, values, decision-making	Critical Thinking Blocks	Catastrophizing every small mistake as proof of incompetence	High	Chronic	Cognitive distortion work + Vijnanamaya balanced thinking	Engineering_2nd_Year	Catastrophizing; negative self-schema
323	Vijnanamaya Kosha	Intellect/Wisdom Body	Intellect, discernment, self-awareness, values, decision-making	Critical Thinking Blocks	All-or-nothing thinking: if not first rank, consider self a failure	High	Chronic	Black-white thinking + Vijnanamaya continuum work	Engineering_1st_Year	Perfectionism + dichotomous thinking
324	Vijnanamaya Kosha	Intellect/Wisdom Body	Intellect, discernment, self-awareness, values, decision-making	Critical Thinking Blocks	Confirmation bias â€” only noticing evidence that one is stupid	High	Chronic	Evidence-gathering + Vijnanamaya epistemics + CBT	Engineering_3rd_Year	Negative filtering; schema-driven attention
325	Vijnanamaya Kosha	Intellect/Wisdom Body	Intellect, discernment, self-awareness, values, decision-making	Critical Thinking Blocks	Mind-reading â€” convinced professor hates student without evidence	Medium	Chronic	Mind-reading pattern + Vijnanamaya reality-testing	Science_2nd_Year	Attributional bias; paranoid ideation lite
326	Vijnanamaya Kosha	Intellect/Wisdom Body	Intellect, discernment, self-awareness, values, decision-making	Critical Thinking Blocks	Fortune-telling â€” convinced placement season will end in rejection	High	Chronic	Future-telling pattern + Vijnanamaya uncertainty tolerance	Engineering_Final_Year	Anticipatory failure; placement anxiety
327	Vijnanamaya Kosha	Intellect/Wisdom Body	Intellect, discernment, self-awareness, values, decision-making	Values Conflict	Academic system pushing for grades while student values learning	Medium	Chronic	Values integration + Vijnanamaya + Meaning-based study	Engineering_2nd_Year	Intrinsic vs extrinsic motivation conflict
328	Vijnanamaya Kosha	Intellect/Wisdom Body	Intellect, discernment, self-awareness, values, decision-making	Values Conflict	Having to cheat in exam due to group pressure against own values	High	Acute	Moral distress PFA + Vijnanamaya integrity + Safe debriefing	Engineering_2nd_Year	Integrity violation under social pressure
329	Vijnanamaya Kosha	Intellect/Wisdom Body	Intellect, discernment, self-awareness, values, decision-making	Values Conflict	Environmental values conflicting with being pushed into petroleum engineering	High	Chronic	Values-career alignment + Vijnanamaya purpose + Advocacy	Engineering_2nd_Year	Environmental ethics-career conflict
330	Vijnanamaya Kosha	Intellect/Wisdom Body	Intellect, discernment, self-awareness, values, decision-making	Values Conflict	Pressured to take corporate job despite wanting to do social work	High	Chronic	Values clarification + Vijnanamaya courage + Family PFA	Engineering_Final_Year	Authentic path vs family expectation
331	Vijnanamaya Kosha	Intellect/Wisdom Body	Intellect, discernment, self-awareness, values, decision-making	Values Conflict	Disagreeing with discriminatory college policy but afraid to speak up	High	Social	Moral courage + Vijnanamaya ethics + Collective action guidance	Any_Student	Moral injury in institutional context
332	Vijnanamaya Kosha	Intellect/Wisdom Body	Intellect, discernment, self-awareness, values, decision-making	Self-Awareness Deficit	Not knowing what one is feeling; emotional alexithymia	High	Chronic	Emotion identification coaching + Manomaya + Vijnanamaya	Engineering_3rd_Year	Alexithymia; emotion literacy work needed
333	Vijnanamaya Kosha	Intellect/Wisdom Body	Intellect, discernment, self-awareness, values, decision-making	Self-Awareness Deficit	Repeating the same mistakes in relationships without noticing patterns	Medium	Chronic	Pattern awareness + Vijnanamaya self-study + Counseling	Engineering_3rd_Year	Relational blind spots; Svadhyaya needed
334	Vijnanamaya Kosha	Intellect/Wisdom Body	Intellect, discernment, self-awareness, values, decision-making	Self-Awareness Deficit	Unaware that behavior is pushing friends away until too late	High	Chronic	Interpersonal effectiveness + Vijnanamaya feedback integration	Arts_2nd_Year	Social impact blindness; DBT skills needed
335	Vijnanamaya Kosha	Intellect/Wisdom Body	Intellect, discernment, self-awareness, values, decision-making	Self-Awareness Deficit	Assuming stress is normal and ignoring mental health red flags	High	Chronic	Mental health literacy + Vijnanamaya self-honesty + Psychoed.	Engineering_2nd_Year	Help-seeking barrier; normalization of distress
336	Vijnanamaya Kosha	Intellect/Wisdom Body	Intellect, discernment, self-awareness, values, decision-making	Self-Awareness Deficit	Not recognizing anxiety as anxiety; calling it 'just stress'	Medium	Chronic	Anxiety psychoeducation + Vijnanamaya label + Referral	Engineering_1st_Year	Anxiety misidentification; help-seeking gap
337	Vijnanamaya Kosha	Intellect/Wisdom Body	Intellect, discernment, self-awareness, values, decision-making	Academic Integrity	Guilt spiral after submitting a plagiarized assignment under pressure	High	Acute	Moral distress PFA + Vijnanamaya repair + Integrity coaching	Engineering_3rd_Year	Post-transgression guilt; shame vs guilt work
338	Vijnanamaya Kosha	Intellect/Wisdom Body	Intellect, discernment, self-awareness, values, decision-making	Academic Integrity	Rationalizing academic dishonesty with 'everyone does it'	Medium	Chronic	Moral disengagement + Vijnanamaya integrity + Ethics	Engineering_2nd_Year	Moral disengagement mechanism; address systematically
339	Vijnanamaya Kosha	Intellect/Wisdom Body	Intellect, discernment, self-awareness, values, decision-making	Academic Integrity	Feeling trapped between peer pressure to share answers and own values	High	Social	Peer pressure PFA + Vijnanamaya values + Assertiveness	Engineering_1st_Year	Integrity under social coercion
340	Vijnanamaya Kosha	Intellect/Wisdom Body	Intellect, discernment, self-awareness, values, decision-making	Academic Integrity	Deep shame after being caught cheating affecting all motivation	High	Acute	Shame PFA + Vijnanamaya reintegration + Counseling	Engineering_2nd_Year	Post-dishonesty shame spiral; fragile self-esteem
341	Vijnanamaya Kosha	Intellect/Wisdom Body	Intellect, discernment, self-awareness, values, decision-making	Academic Integrity	Internal conflict over receiving unfair advantage due to family connections	Medium	Chronic	Privilege awareness + Vijnanamaya fairness + Svadhyaya	Engineering_2nd_Year	Privilege guilt; moral development work
342	Vijnanamaya Kosha	Intellect/Wisdom Body	Intellect, discernment, self-awareness, values, decision-making	Cognitive Fatigue	Brain fog so thick that reading the same line 10 times is required	High	Chronic	Cognitive load reduction + Pranamaya rest + Pomodoro	Engineering_3rd_Year	Cognitive fatigue; possibly burnout or MDD
343	Vijnanamaya Kosha	Intellect/Wisdom Body	Intellect, discernment, self-awareness, values, decision-making	Cognitive Fatigue	Forgetting things taught just yesterday, memory seeming to fail	High	Chronic	Memory + stress link + Pranamaya + Medical check	Engineering_2nd_Year	Stress-induced memory impairment
344	Vijnanamaya Kosha	Intellect/Wisdom Body	Intellect, discernment, self-awareness, values, decision-making	Cognitive Fatigue	Unable to concentrate for more than 5 minutes on anything	High	Chronic	ADHD screening + Vijnanamaya focus training + Environment	Engineering_2nd_Year	Attention dysfunction; ADHD or burnout
345	Vijnanamaya Kosha	Intellect/Wisdom Body	Intellect, discernment, self-awareness, values, decision-making	Cognitive Fatigue	Ideas evaporating before they can be written down	Medium	Chronic	Working memory coaching + Voice memos + Pranamaya + Rest	Engineering_3rd_Year	Executive function stress impairment
346	Vijnanamaya Kosha	Intellect/Wisdom Body	Intellect, discernment, self-awareness, values, decision-making	Cognitive Fatigue	Overthinking consuming all cognitive bandwidth leaving nothing for studying	High	Chronic	Cognitive bandwidth coaching + Thought scheduling + Vijnanamaya	Engineering_3rd_Year	Rumination depleting cognitive resources
409	Anandamaya Kosha	Bliss/Causal Body	Joy, meaning, purpose, spiritual connection, transcendence	Loss of Meaning	Completing every academic milestone but feeling empty inside	High	Chronic	Anandamaya meaning-making + Frankl's logotherapy + Svadhyaya	Engineering_Final_Year	Achievement-meaning disconnect; existential vacuum
410	Anandamaya Kosha	Bliss/Causal Body	Joy, meaning, purpose, spiritual connection, transcendence	Loss of Meaning	Asking 'what's the point' after scoring highest mark in class	High	Chronic	Existential PFA + Anandamaya purpose exploration	Engineering_3rd_Year	Hedonic adaptation; achievement without fulfillment
411	Anandamaya Kosha	Bliss/Causal Body	Joy, meaning, purpose, spiritual connection, transcendence	Loss of Meaning	Studying only to survive not to thrive; pure survival mode	High	Chronic	Anandamaya vitality re-ignition + Values + Purpose coaching	Engineering_2nd_Year	Subsistence-level motivation; existential depression
412	Anandamaya Kosha	Bliss/Causal Body	Joy, meaning, purpose, spiritual connection, transcendence	Loss of Meaning	Forgetting why one started this journey in the first place	High	Chronic	Origin story revisit + Anandamaya reconnect + Svadhyaya	Engineering_3rd_Year	Loss of foundational motivation; purpose drift
413	Anandamaya Kosha	Bliss/Causal Body	Joy, meaning, purpose, spiritual connection, transcendence	Loss of Meaning	Feeling that nothing done in college will matter in the long run	High	Chronic	Nihilism PFA + Anandamaya connection + Legacy framing	Engineering_2nd_Year	Academic nihilism; needs meaning reframe
414	Anandamaya Kosha	Bliss/Causal Body	Joy, meaning, purpose, spiritual connection, transcendence	Loss of Meaning	No creative spark left; everything feels mechanical and grey	High	Chronic	Anandamaya creative re-awakening + Manomaya support	Arts_3rd_Year	Creative anhedonia; burnout in creative student
415	Anandamaya Kosha	Bliss/Causal Body	Joy, meaning, purpose, spiritual connection, transcendence	Loss of Meaning	Questioning the purpose of education after seeing inequality in placements	High	Chronic	Social justice meaning + Anandamaya purpose + Advocacy framing	Engineering_Final_Year	Systemic disillusionment; justice-meaning crisis
416	Anandamaya Kosha	Bliss/Causal Body	Joy, meaning, purpose, spiritual connection, transcendence	Loss of Meaning	Looking at graduating seniors and feeling dread not excitement	High	Acute	Transition anxiety + Anandamaya future orientation + PFA	Engineering_3rd_Year	Anticipatory existential dread of graduation
417	Anandamaya Kosha	Bliss/Causal Body	Joy, meaning, purpose, spiritual connection, transcendence	Loss of Meaning	Feeling invisible and as if contribution to college life means nothing	High	Chronic	Social significance PFA + Anandamaya contribution reframe	Engineering_2nd_Year	Insignificance belief; needs contribution tracking
418	Anandamaya Kosha	Bliss/Causal Body	Joy, meaning, purpose, spiritual connection, transcendence	Loss of Meaning	Numbness toward everything previously held sacred or important	High	Chronic	Anandamaya depth work + Clinical referral + Manomaya support	Arts_2nd_Year	Values numbness; possible depression or dissociation
419	Anandamaya Kosha	Bliss/Causal Body	Joy, meaning, purpose, spiritual connection, transcendence	Spiritual Disconnection	Feeling cut off from spiritual practice since moving to college	Medium	Chronic	Portable spirituality coaching + Anandamaya reconnect	Engineering_1st_Year	Spiritual uprooting on transition to campus
420	Anandamaya Kosha	Bliss/Causal Body	Joy, meaning, purpose, spiritual connection, transcendence	Spiritual Disconnection	Prayer or meditation that once helped now feeling hollow and rote	High	Chronic	Spiritual dryness PFA + Anandamaya practice refresh	Any_Student	Spiritual anhedonia; deepen or adapt practice
421	Anandamaya Kosha	Bliss/Causal Body	Joy, meaning, purpose, spiritual connection, transcendence	Spiritual Disconnection	Peer ridicule for spiritual beliefs causing hiding of practices	Medium	Social	Spiritual identity protection + Anandamaya courage + Metta	Any_Student	Spiritual shame under secular peer pressure
422	Anandamaya Kosha	Bliss/Causal Body	Joy, meaning, purpose, spiritual connection, transcendence	Spiritual Disconnection	Questions about God arising after loss, feeling abandoned	High	Acute	Spiritual crisis PFA + Chaplain referral + Anandamaya support	Any_Student	Grief-triggered faith crisis; theodicy work
423	Anandamaya Kosha	Bliss/Causal Body	Joy, meaning, purpose, spiritual connection, transcendence	Spiritual Disconnection	Uncertainty whether childhood religious values still hold true	Medium	Chronic	Values re-examination + Anandamaya exploration + Acceptance	Engineering_1st_Year	Normal faith development; needs guided exploration
424	Anandamaya Kosha	Bliss/Causal Body	Joy, meaning, purpose, spiritual connection, transcendence	Joy Deficit	Cannot remember the last time genuine laughter happened	High	Chronic	Joy prescription + Anandamaya activation + Depression screen	Engineering_3rd_Year	Joylessness; core depression symptom
425	Anandamaya Kosha	Bliss/Causal Body	Joy, meaning, purpose, spiritual connection, transcendence	Joy Deficit	Activities once loved (gaming, music) feel pointless now	High	Chronic	Anhedonia protocol + Anandamaya + Behavioral activation	Engineering_2nd_Year	Recreational anhedonia; MDD core symptom
426	Anandamaya Kosha	Bliss/Causal Body	Joy, meaning, purpose, spiritual connection, transcendence	Joy Deficit	Unable to enjoy a vacation because anxious thoughts follow everywhere	High	Chronic	Anxiety mobility + Anandamaya presence + Mindfulness	Engineering_3rd_Year	Anxiety generalizing to relaxation space
427	Anandamaya Kosha	Bliss/Causal Body	Joy, meaning, purpose, spiritual connection, transcendence	Joy Deficit	Watching others enjoy college life from the outside feeling excluded	High	Chronic	Belonging PFA + Anandamaya inclusion + Social skills	Engineering_1st_Year	Social observer role; outsider-inside campus
428	Anandamaya Kosha	Bliss/Causal Body	Joy, meaning, purpose, spiritual connection, transcendence	Joy Deficit	The only moments of joy are when proving someone wrong	High	Chronic	Reactive joy pattern + Anandamaya unconditional joy work	Engineering_2nd_Year	Competitive-based joy; fragile and unsustainable
429	Anandamaya Kosha	Bliss/Causal Body	Joy, meaning, purpose, spiritual connection, transcendence	Existential Crisis	Existential dread about death keeping awake at 3 AM	High	Chronic	Terror management + Anandamaya meaning + Existential PFA	Engineering_2nd_Year	Mortality salience; existential anxiety
430	Anandamaya Kosha	Bliss/Causal Body	Joy, meaning, purpose, spiritual connection, transcendence	Existential Crisis	Feeling that the universe is indifferent and nothing truly matters	High	Chronic	Nihilism PFA + Anandamaya relational meaning + Frankl	Science_3rd_Year	Existential nihilism; meaning system collapsed
431	Anandamaya Kosha	Bliss/Causal Body	Joy, meaning, purpose, spiritual connection, transcendence	Existential Crisis	Questioning free will after learning about determinism in philosophy class	Medium	Chronic	Philosophical integration + Anandamaya agency framing	Science_2nd_Year	Philosophical anxiety; over-application of theory
432	Anandamaya Kosha	Bliss/Causal Body	Joy, meaning, purpose, spiritual connection, transcendence	Existential Crisis	Deep existential loneliness despite being physically surrounded by people	High	Chronic	Existential isolation PFA + Anandamaya connection + Counseling	Engineering_2nd_Year	Core existential condition; needs deep therapeutic work
433	Anandamaya Kosha	Bliss/Causal Body	Joy, meaning, purpose, spiritual connection, transcendence	Existential Crisis	Feeling like a meaningless cog in the capitalist machine studying engineering	High	Chronic	Agency + Anandamaya self-authorship + Meaning reclamation	Engineering_3rd_Year	Systemic alienation; Marxian existential distress
434	Anandamaya Kosha	Bliss/Causal Body	Joy, meaning, purpose, spiritual connection, transcendence	Connection & Love	Longing for deep connection in a place filled with surface-level chat	High	Chronic	Depth-seeking support + Anandamaya relational meaning	Engineering_2nd_Year	Loneliness despite proximity; depth vs breadth need
435	Anandamaya Kosha	Bliss/Causal Body	Joy, meaning, purpose, spiritual connection, transcendence	Connection & Love	Feeling unloved and unseen in a large campus where no one notices	High	Chronic	Visibility PFA + Anandamaya self-love + Metta practice	Engineering_1st_Year	Invisibility distress; attachment need unmet
436	Anandamaya Kosha	Bliss/Causal Body	Joy, meaning, purpose, spiritual connection, transcendence	Connection & Love	Desperate to be in a relationship because being alone feels unbearable	High	Chronic	Attachment anxiety + Anandamaya self-sufficiency + Metta	Engineering_2nd_Year	Anxious attachment; relationship as anxiety management
437	Anandamaya Kosha	Bliss/Causal Body	Joy, meaning, purpose, spiritual connection, transcendence	Connection & Love	Grieving a friendship that ended without any explanation	High	Acute	Friendship grief PFA + Anandamaya closure + Self-compassion	Engineering_2nd_Year	Disenfranchised social grief; ghosting response
438	Anandamaya Kosha	Bliss/Causal Body	Joy, meaning, purpose, spiritual connection, transcendence	Connection & Love	Unable to trust anyone enough to let them in despite wanting connection	High	Chronic	Attachment trauma + Anandamaya safe-connection building	Engineering_3rd_Year	Avoidant attachment pattern; trust deficit
439	Anandamaya Kosha	Bliss/Causal Body	Joy, meaning, purpose, spiritual connection, transcendence	Transcendence & Flow	Never experiencing flow or being fully absorbed in anything	High	Chronic	Flow state coaching + Anandamaya + Csikszentmihalyi model	Engineering_2nd_Year	Flow deficit; anhedonia or interest mismatch
440	Anandamaya Kosha	Bliss/Causal Body	Joy, meaning, purpose, spiritual connection, transcendence	Transcendence & Flow	Brief moments of bliss during nature walks that vanish immediately	Medium	Chronic	Anandamaya extension practices + Savoring + Mindfulness	Engineering_3rd_Year	Transient positive state; teach extension and savoring
441	Anandamaya Kosha	Bliss/Causal Body	Joy, meaning, purpose, spiritual connection, transcendence	Transcendence & Flow	Music listening used to cause chills; now it triggers nothing	High	Chronic	Musical anhedonia + Anandamaya + Depression screening	Arts_2nd_Year	Loss of musical chills; MDD marker
442	Anandamaya Kosha	Bliss/Causal Body	Joy, meaning, purpose, spiritual connection, transcendence	Transcendence & Flow	Sports match causing genuine flow but shame about not studying	Medium	Chronic	Guilt-free joy + Anandamaya balance + Time management	Engineering_2nd_Year	Guilt contaminating positive experience
443	Anandamaya Kosha	Bliss/Causal Body	Joy, meaning, purpose, spiritual connection, transcendence	Transcendence & Flow	Meditation producing fear instead of peace	High	Acute	Meditation-induced anxiety + Grounding alternative + Manomaya	Science_2nd_Year	Meditation-induced relaxation-induced anxiety (MIRA)
444	Anandamaya Kosha	Bliss/Causal Body	Joy, meaning, purpose, spiritual connection, transcendence	Gratitude & Contentment	Everything feels insufficient no matter what is achieved	High	Chronic	Gratitude practice + Anandamaya contentment + CBT	Engineering_Final_Year	Insatiable achievement pattern; hedonic treadmill
445	Anandamaya Kosha	Bliss/Causal Body	Joy, meaning, purpose, spiritual connection, transcendence	Gratitude & Contentment	Unable to enjoy the present because always planning or worrying	High	Chronic	Mindful presence + Anandamaya now-moment + Pranayama	Engineering_3rd_Year	Future-orientation blocking present joy
446	Anandamaya Kosha	Bliss/Causal Body	Joy, meaning, purpose, spiritual connection, transcendence	Gratitude & Contentment	Feeling guilty when happy because of pressure to work harder	Medium	Chronic	Joy permission + Anandamaya + Vijnanamaya values work	Engineering_2nd_Year	Happiness guilt; productivity-conditional joy
447	Anandamaya Kosha	Bliss/Causal Body	Joy, meaning, purpose, spiritual connection, transcendence	Gratitude & Contentment	Taking everything in life for granted and feeling empty because of it	Medium	Chronic	Gratitude activation + Anandamaya + Savoring practices	Engineering_3rd_Year	Gratitude deficit; entitlement pattern
448	Anandamaya Kosha	Bliss/Causal Body	Joy, meaning, purpose, spiritual connection, transcendence	Gratitude & Contentment	Content during meditation but unable to carry that peace into daily life	Medium	Chronic	Anandamaya integration + Mindfulness-in-action + Micro-practices	Engineering_2nd_Year	Practice-life gap; needs micro-mindfulness integration
449	Anandamaya Kosha	Bliss/Causal Body	Joy, meaning, purpose, spiritual connection, transcendence	Purpose & Legacy	Fear that one's life will not make any positive difference	High	Chronic	Legacy framing + Anandamaya purpose + Strengths inventory	Engineering_Final_Year	Legacy anxiety; generativity development stage
450	Anandamaya Kosha	Bliss/Causal Body	Joy, meaning, purpose, spiritual connection, transcendence	Purpose & Legacy	Desire to work for social impact but in a system rewarding only profit	High	Chronic	Social purpose integration + Anandamaya values + Career hybrid	Engineering_Final_Year	Impact vs income conflict; purpose-career alignment
451	Anandamaya Kosha	Bliss/Causal Body	Joy, meaning, purpose, spiritual connection, transcendence	Purpose & Legacy	Feeling called toward a completely unconventional career and terrified	High	Chronic	Authentic calling + Anandamaya courage + Systematic exploration	Engineering_3rd_Year	Non-traditional calling anxiety; needs brave exploration
452	Anandamaya Kosha	Bliss/Causal Body	Joy, meaning, purpose, spiritual connection, transcendence	Purpose & Legacy	Wanting to be remembered but not knowing for what	Medium	Chronic	Strengths + Anandamaya legacy work + Ikigai framework	Engineering_3rd_Year	Vague legacy desire; needs operationalizing
453	Anandamaya Kosha	Bliss/Causal Body	Joy, meaning, purpose, spiritual connection, transcendence	Purpose & Legacy	Feeling that technical engineering work is not the true calling	High	Chronic	Calling vs career + Anandamaya + Vocational counseling	Engineering_2nd_Year	Calling-role mismatch; existential vocational crisis
454	Anandamaya Kosha	Bliss/Causal Body	Joy, meaning, purpose, spiritual connection, transcendence	Awe & Wonder	Science destroying wonder instead of enhancing it	Medium	Chronic	Science-wonder integration + Anandamaya awe cultivation	Science_3rd_Year	Reductionism-induced wonder loss; reintegrate awe
455	Anandamaya Kosha	Bliss/Causal Body	Joy, meaning, purpose, spiritual connection, transcendence	Awe & Wonder	Feeling awe during astronomy class but depression all other times	High	Chronic	Awe amplification + Anandamaya + Depression management	Science_2nd_Year	Selective positive affect; build on existing peak
456	Anandamaya Kosha	Bliss/Causal Body	Joy, meaning, purpose, spiritual connection, transcendence	Awe & Wonder	Not remembering the last time something truly amazed or inspired one	High	Chronic	Inspiration reactivation + Anandamaya + Novelty prescription	Engineering_3rd_Year	Awe deficit; dull repetition of routine
457	Anandamaya Kosha	Bliss/Causal Body	Joy, meaning, purpose, spiritual connection, transcendence	Awe & Wonder	Star-gazing bringing peace unlike anything on campus	Low	Positive	Anandamaya anchor expansion + Transfer to daily practice	Engineering_2nd_Year	Protective positive experience; build on it
458	Anandamaya Kosha	Bliss/Causal Body	Joy, meaning, purpose, spiritual connection, transcendence	Awe & Wonder	Great music moving one to tears showing intact capacity for bliss	Low	Positive	Anandamaya music anchor + Savoring + Emotional reservoir build	Arts_1st_Year	Protective positive affect; preserve and expand
